budget_year,12
2554,0.0
2555,0.0
2556,0.0
2557,112000.0
2558,1424647.0
2559,173207.41999999998
2560,669763.3200000001
2561,2750749.65
2562,1810277.7300000002
2563,1059666.66
