budget_year,11
2561,2434843.9989000005
2562,100867961.87290001
2563,51403053.193999976
