budget_year,11
2554,8440483.814000001
2555,21411408.31700001
2556,52913416.78495238
2557,85568789.56214286
2558,82524182.76561354
2559,156148790.61283407
2560,220186858.42353436
2561,227041036.49531126
2562,240534111.53319988
2563,87918042.2649999
