budget_year,11
2554,8265483.813999998
2555,25241871.316999994
2556,51490202.63495239
2557,83147284.06214288
2558,79111159.81561355
2559,127650354.82283407
2560,205204153.9735341
2561,212625713.23531112
2562,238033847.7031999
2563,87918042.26499985
