budget_year,11
2554,8440483.814
2555,22509447.433333334
2556,54010382.00195236
2557,85842489.56214292
2558,83175182.76561351
2559,156151614.14083403
2560,224801112.62553436
2561,236147113.8253109
2562,242863046.0931998
2563,88683320.0349999
